"LOCATION","INDICATOR","SUBJECT","MEASURE","FREQUENCY","TIME","Value","Flag Codes"
"AUS","INFRAINVEST","RAIL","EUR","A","2018",4628354860.2345,
"AUS","INFRAINVEST","RAIL","EUR","A","2019",4935197898.948,
"AUS","INFRAINVEST","RAIL","EUR","A","2020",5192724742.8676,
"AUS","INFRAINVEST","RAIL","EUR","A","2021",6750072091.7795,
"AUS","INFRAINVEST","ROAD","EUR","A","2018",14363912675.19,
"AUS","INFRAINVEST","ROAD","EUR","A","2019",13317666734.358,
"AUS","INFRAINVEST","ROAD","EUR","A","2020",12671465384.432,
"AUS","INFRAINVEST","ROAD","EUR","A","2021",13286823655.25,
"AUT","INFRAINVEST","RAIL","EUR","A","2018",1682000000,
"AUT","INFRAINVEST","RAIL","EUR","A","2019",1737000000,
"AUT","INFRAINVEST","RAIL","EUR","A","2020",2002000000,
"AUT","INFRAINVEST","RAIL","EUR","A","2021",2249500000,
"AUT","INFRAINVEST","ROAD","EUR","A","2018",463000000,
"AUT","INFRAINVEST","ROAD","EUR","A","2019",562000000,
"AUT","INFRAINVEST","ROAD","EUR","A","2020",548000000,
"AUT","INFRAINVEST","ROAD","EUR","A","2021",480000000,
"BEL","INFRAINVEST","RAIL","EUR","A","2018",926000000,
"BEL","INFRAINVEST","RAIL","EUR","A","2019",899000000,
"BEL","INFRAINVEST","RAIL","EUR","A","2020",1008252225,
"BEL","INFRAINVEST","RAIL","EUR","A","2021",1137261090.5,
"BEL","INFRAINVEST","ROAD","EUR","A","2018",681000000,"P"
"BEL","INFRAINVEST","ROAD","EUR","A","2019",735000000,"P"
"BEL","INFRAINVEST","ROAD","EUR","A","2020",607000000,
"BEL","INFRAINVEST","ROAD","EUR","A","2021",1311000000,
"CAN","INFRAINVEST","RAIL","EUR","A","2018",1081557966.2789,
"CAN","INFRAINVEST","RAIL","EUR","A","2019",1366359291.9163,"P"
"CAN","INFRAINVEST","ROAD","EUR","A","2018",6431185465.9522,
"CAN","INFRAINVEST","ROAD","EUR","A","2019",7543245608.1308,"P"
"CZE","INFRAINVEST","RAIL","EUR","A","2018",741057048.48478,
"CZE","INFRAINVEST","RAIL","EUR","A","2019",762841938.77631,
"CZE","INFRAINVEST","RAIL","EUR","A","2020",1123320292.5668,
"CZE","INFRAINVEST","RAIL","EUR","A","2021",1448913704.6337,
"CZE","INFRAINVEST","ROAD","EUR","A","2018",1044764478.5537,
"CZE","INFRAINVEST","ROAD","EUR","A","2019",1383064924.5417,
"CZE","INFRAINVEST","ROAD","EUR","A","2020",1640906427.7749,
"CZE","INFRAINVEST","ROAD","EUR","A","2021",1817146778.5455,
"DNK","INFRAINVEST","RAIL","EUR","A","2018",1351365856.2765,
"DNK","INFRAINVEST","ROAD","EUR","A","2018",1083963934.9541,
"FIN","INFRAINVEST","RAIL","EUR","A","2018",491000000,
"FIN","INFRAINVEST","RAIL","EUR","A","2019",462000000,
"FIN","INFRAINVEST","RAIL","EUR","A","2020",684000000,
"FIN","INFRAINVEST","RAIL","EUR","A","2021",606000000,
"FIN","INFRAINVEST","ROAD","EUR","A","2018",1526000000,
"FIN","INFRAINVEST","ROAD","EUR","A","2019",1522000000,
"FIN","INFRAINVEST","ROAD","EUR","A","2020",1444000000,
"FIN","INFRAINVEST","ROAD","EUR","A","2021",1375000000,
"FRA","INFRAINVEST","RAIL","EUR","A","2018",10284883398.641,
"FRA","INFRAINVEST","RAIL","EUR","A","2019",11528382878.599,
"FRA","INFRAINVEST","RAIL","EUR","A","2020",10789379413.357,
"FRA","INFRAINVEST","RAIL","EUR","A","2021",11557639689.032,"P"
"FRA","INFRAINVEST","ROAD","EUR","A","2018",9883630000,
"FRA","INFRAINVEST","ROAD","EUR","A","2019",10413000000,
"FRA","INFRAINVEST","ROAD","EUR","A","2020",9630572000,
"FRA","INFRAINVEST","ROAD","EUR","A","2021",10153386000,"P"
"DEU","INFRAINVEST","RAIL","EUR","A","2018",7590000000,
"DEU","INFRAINVEST","RAIL","EUR","A","2019",8577000000,
"DEU","INFRAINVEST","RAIL","EUR","A","2020",9615000000,
"DEU","INFRAINVEST","RAIL","EUR","A","2021",10078000000,
"DEU","INFRAINVEST","ROAD","EUR","A","2018",15810000000,
"DEU","INFRAINVEST","ROAD","EUR","A","2019",16750000000,
"DEU","INFRAINVEST","ROAD","EUR","A","2020",17090000000,
"DEU","INFRAINVEST","ROAD","EUR","A","2021",16450000000,"P"
"GRC","INFRAINVEST","RAIL","EUR","A","2018",150967152.62608,
"GRC","INFRAINVEST","RAIL","EUR","A","2019",97855565.71752,
"GRC","INFRAINVEST","RAIL","EUR","A","2020",50895098.93686,
"GRC","INFRAINVEST","RAIL","EUR","A","2021",49384982.7659,
"GRC","INFRAINVEST","ROAD","EUR","A","2018",2158003343.792,
"GRC","INFRAINVEST","ROAD","EUR","A","2019",740871728.86949,
"GRC","INFRAINVEST","ROAD","EUR","A","2020",780984404.20618,
"GRC","INFRAINVEST","ROAD","EUR","A","2021",730716966.23268,
"HUN","INFRAINVEST","RAIL","EUR","A","2018",803129312.31867,
"HUN","INFRAINVEST","RAIL","EUR","A","2019",879842868.51061,
"HUN","INFRAINVEST","RAIL","EUR","A","2020",717621881.80692,
"HUN","INFRAINVEST","RAIL","EUR","A","2021",645515781.98556,
"HUN","INFRAINVEST","ROAD","EUR","A","2018",1780313937.1128,
"HUN","INFRAINVEST","ROAD","EUR","A","2019",2288587058.7902,
"HUN","INFRAINVEST","ROAD","EUR","A","2020",1820222428.4962,
"HUN","INFRAINVEST","ROAD","EUR","A","2021",1894279008.2645,
"ISL","INFRAINVEST","RAIL","EUR","A","2018",,"M"
"ISL","INFRAINVEST","RAIL","EUR","A","2019",,"M"
"ISL","INFRAINVEST","RAIL","EUR","A","2020",,"M"
"ISL","INFRAINVEST","RAIL","EUR","A","2021",,"M"
"ISL","INFRAINVEST","ROAD","EUR","A","2018",99867495.939518,
"ISL","INFRAINVEST","ROAD","EUR","A","2019",91695767.702695,
"ISL","INFRAINVEST","ROAD","EUR","A","2020",107252605.60742,
"ISL","INFRAINVEST","ROAD","EUR","A","2021",104314547.66302,
"IRL","INFRAINVEST","RAIL","EUR","A","2018",43610566.89,
"IRL","INFRAINVEST","RAIL","EUR","A","2019",71888995.56,
"IRL","INFRAINVEST","RAIL","EUR","A","2020",101000000,
"IRL","INFRAINVEST","ROAD","EUR","A","2018",693000000,
"IRL","INFRAINVEST","ROAD","EUR","A","2019",837000000,
"ITA","INFRAINVEST","RAIL","EUR","A","2018",2855000000,
"ITA","INFRAINVEST","RAIL","EUR","A","2019",4246000000,
"ITA","INFRAINVEST","RAIL","EUR","A","2020",9768000000,
"ITA","INFRAINVEST","ROAD","EUR","A","2018",6555000000,
"ITA","INFRAINVEST","ROAD","EUR","A","2019",4310000000,
"ITA","INFRAINVEST","ROAD","EUR","A","2020",4393000000,
"JPN","INFRAINVEST","RAIL","EUR","A","2018",15123623862.475,
"JPN","INFRAINVEST","RAIL","EUR","A","2019",17559893924.53,
"JPN","INFRAINVEST","RAIL","EUR","A","2020",17019744641.862,
"JPN","INFRAINVEST","ROAD","EUR","A","2018",30027258170.637,
"JPN","INFRAINVEST","ROAD","EUR","A","2019",32829904574.183,
"KOR","INFRAINVEST","RAIL","EUR","A","2018",5366736538.0191,
"KOR","INFRAINVEST","RAIL","EUR","A","2019",6278662976.7574,
"KOR","INFRAINVEST","ROAD","EUR","A","2018",12123858620.595,
"KOR","INFRAINVEST","ROAD","EUR","A","2019",13205445720.822,
"LUX","INFRAINVEST","RAIL","EUR","A","2018",263917942,
"LUX","INFRAINVEST","RAIL","EUR","A","2019",235449619,
"LUX","INFRAINVEST","RAIL","EUR","A","2020",265778926,
"LUX","INFRAINVEST","ROAD","EUR","A","2018",188596003.53937,
"LUX","INFRAINVEST","ROAD","EUR","A","2019",260016912.69,
"LUX","INFRAINVEST","ROAD","EUR","A","2020",246225524.73,
"MEX","INFRAINVEST","RAIL","EUR","A","2018",1455788071.5437,
"MEX","INFRAINVEST","RAIL","EUR","A","2019",800787259.71153,
"MEX","INFRAINVEST","RAIL","EUR","A","2020",398049883.13529,
"MEX","INFRAINVEST","RAIL","EUR","A","2021",484122592.1379,
"MEX","INFRAINVEST","ROAD","EUR","A","2018",2304810286.3826,
"MEX","INFRAINVEST","ROAD","EUR","A","2019",2277117180.705,
"MEX","INFRAINVEST","ROAD","EUR","A","2020",1532723631.1455,
"MEX","INFRAINVEST","ROAD","EUR","A","2021",1630623065.041,
"NZL","INFRAINVEST","ROAD","EUR","A","2018",1057955558.3046,
"NZL","INFRAINVEST","ROAD","EUR","A","2019",1041148618.2269,
"NZL","INFRAINVEST","ROAD","EUR","A","2020",1376584295.4438,
"NZL","INFRAINVEST","ROAD","EUR","A","2021",1012534979.7044,
"NOR","INFRAINVEST","RAIL","EUR","A","2018",1316688540.2996,
"NOR","INFRAINVEST","RAIL","EUR","A","2019",1537001126.9379,
"NOR","INFRAINVEST","RAIL","EUR","A","2020",1476857377.2937,
"NOR","INFRAINVEST","ROAD","EUR","A","2018",4060996187.7383,
"NOR","INFRAINVEST","ROAD","EUR","A","2019",4051595480.0654,
"NOR","INFRAINVEST","ROAD","EUR","A","2020",3272508578.2485,
"POL","INFRAINVEST","RAIL","EUR","A","2018",461906773.69385,
"POL","INFRAINVEST","RAIL","EUR","A","2019",654799301.91972,
"POL","INFRAINVEST","RAIL","EUR","A","2020",625675189.05293,
"POL","INFRAINVEST","RAIL","EUR","A","2021",683829973.70727,
"POL","INFRAINVEST","ROAD","EUR","A","2018",2668638219.969,
"POL","INFRAINVEST","ROAD","EUR","A","2019",2415357766.1431,
"POL","INFRAINVEST","ROAD","EUR","A","2020",3207598127.4757,
"POL","INFRAINVEST","ROAD","EUR","A","2021",3169807186.6784,
"PRT","INFRAINVEST","RAIL","EUR","A","2018",132000000,
"PRT","INFRAINVEST","RAIL","EUR","A","2019",216000000,
"PRT","INFRAINVEST","RAIL","EUR","A","2020",220000000,
"PRT","INFRAINVEST","RAIL","EUR","A","2021",307000000,
"SVK","INFRAINVEST","RAIL","EUR","A","2018",279400000,
"SVK","INFRAINVEST","RAIL","EUR","A","2020",176800000,
"SVK","INFRAINVEST","RAIL","EUR","A","2021",220000000,
"SVK","INFRAINVEST","ROAD","EUR","A","2018",768840000,
"SVK","INFRAINVEST","ROAD","EUR","A","2020",752200000,
"SVK","INFRAINVEST","ROAD","EUR","A","2021",1113000000,
"ESP","INFRAINVEST","RAIL","EUR","A","2018",2168000000,
"ESP","INFRAINVEST","RAIL","EUR","A","2019",2218000000,"P"
"ESP","INFRAINVEST","RAIL","EUR","A","2020",2380557000,"E"
"ESP","INFRAINVEST","RAIL","EUR","A","2021",2519000000,"E"
"ESP","INFRAINVEST","ROAD","EUR","A","2018",3518000000,
"ESP","INFRAINVEST","ROAD","EUR","A","2019",3445000000,"P"
"ESP","INFRAINVEST","ROAD","EUR","A","2020",3927291764,"E"
"ESP","INFRAINVEST","ROAD","EUR","A","2021",3959000000,"E"
"SWE","INFRAINVEST","RAIL","EUR","A","2018",1424327512.7478,
"SWE","INFRAINVEST","RAIL","EUR","A","2019",1691537495.159,
"SWE","INFRAINVEST","RAIL","EUR","A","2020",2080691450.3104,
"SWE","INFRAINVEST","RAIL","EUR","A","2021",2269044239.4133,
"SWE","INFRAINVEST","ROAD","EUR","A","2018",2497001959.6946,
"SWE","INFRAINVEST","ROAD","EUR","A","2019",2503424107.6067,
"SWE","INFRAINVEST","ROAD","EUR","A","2020",2941619549.7755,
"SWE","INFRAINVEST","ROAD","EUR","A","2021",2910555161.2649,
"CHE","INFRAINVEST","RAIL","EUR","A","2018",3078188587.7565,
"CHE","INFRAINVEST","RAIL","EUR","A","2019",3434888110.0027,
"CHE","INFRAINVEST","RAIL","EUR","A","2020",3797066243.1094,
"CHE","INFRAINVEST","RAIL","EUR","A","2021",3666955699.0938,
"CHE","INFRAINVEST","ROAD","EUR","A","2018",3816554652.7202,
"CHE","INFRAINVEST","ROAD","EUR","A","2019",4300737024.2605,
"CHE","INFRAINVEST","ROAD","EUR","A","2020",4700409535.6333,
"TUR","INFRAINVEST","RAIL","EUR","A","2018",1999028006.8789,
"TUR","INFRAINVEST","RAIL","EUR","A","2019",1973315978.2301,
"TUR","INFRAINVEST","RAIL","EUR","A","2020",2240818787.6075,
"TUR","INFRAINVEST","RAIL","EUR","A","2021",2184971147.4157,
"TUR","INFRAINVEST","ROAD","EUR","A","2018",8705095192.2925,
"TUR","INFRAINVEST","ROAD","EUR","A","2019",6289881407.4401,
"TUR","INFRAINVEST","ROAD","EUR","A","2020",5442186766.5952,
"TUR","INFRAINVEST","ROAD","EUR","A","2021",4247201531.7045,
"GBR","INFRAINVEST","RAIL","EUR","A","2018",13542947558.77,
"GBR","INFRAINVEST","RAIL","EUR","A","2019",13298360879.973,
"GBR","INFRAINVEST","ROAD","EUR","A","2018",8673206374.3219,
"GBR","INFRAINVEST","ROAD","EUR","A","2019",9642561267.5254,
"USA","INFRAINVEST","RAIL","EUR","A","2018",10505663986.458,
"USA","INFRAINVEST","RAIL","EUR","A","2019",11586756877.456,
"USA","INFRAINVEST","RAIL","EUR","A","2020",9472531323.9289,
"USA","INFRAINVEST","RAIL","EUR","A","2021",8650612589.7761,
"USA","INFRAINVEST","ROAD","EUR","A","2018",86584849767.245,
"USA","INFRAINVEST","ROAD","EUR","A","2019",96195069667.738,
"USA","INFRAINVEST","ROAD","EUR","A","2020",93139402435.819,
"USA","INFRAINVEST","ROAD","EUR","A","2021",91761723700.887,
"ALB","INFRAINVEST","RAIL","EUR","A","2018",304952.37960849,
"ALB","INFRAINVEST","RAIL","EUR","A","2019",1079749.7524032,
"ALB","INFRAINVEST","RAIL","EUR","A","2020",1502127.2059465,
"ALB","INFRAINVEST","RAIL","EUR","A","2021",5462477.5152504,
"ALB","INFRAINVEST","ROAD","EUR","A","2018",169252490.37911,
"ALB","INFRAINVEST","ROAD","EUR","A","2019",175879110.96077,
"ALB","INFRAINVEST","ROAD","EUR","A","2020",223292016.75922,
"ALB","INFRAINVEST","ROAD","EUR","A","2021",265726260.47281,
"AZE","INFRAINVEST","RAIL","EUR","A","2018",3485014.437917,
"AZE","INFRAINVEST","RAIL","EUR","A","2019",525403.24699207,
"AZE","INFRAINVEST","RAIL","EUR","A","2020",515410.78239357,
"AZE","INFRAINVEST","RAIL","EUR","A","2021",0,
"AZE","INFRAINVEST","ROAD","EUR","A","2018",695011450.76172,
"AZE","INFRAINVEST","ROAD","EUR","A","2019",844323017.91625,
"AZE","INFRAINVEST","ROAD","EUR","A","2020",757138439.33615,
"AZE","INFRAINVEST","ROAD","EUR","A","2021",1208250497.0179,
"BGR","INFRAINVEST","RAIL","EUR","A","2018",96124348.092852,
"BGR","INFRAINVEST","RAIL","EUR","A","2019",124245832.90725,
"BGR","INFRAINVEST","RAIL","EUR","A","2020",171285407.50588,
"BGR","INFRAINVEST","RAIL","EUR","A","2021",166172410.2669,
"BGR","INFRAINVEST","ROAD","EUR","A","2018",882503323.44821,
"BGR","INFRAINVEST","ROAD","EUR","A","2019",528172614.78679,
"BGR","INFRAINVEST","ROAD","EUR","A","2020",525104816.4434,
"BGR","INFRAINVEST","ROAD","EUR","A","2021",151856017.99775,
"HRV","INFRAINVEST","RAIL","EUR","A","2018",99621196.802416,
"HRV","INFRAINVEST","RAIL","EUR","A","2019",128198215.20045,
"HRV","INFRAINVEST","RAIL","EUR","A","2020",126154091.0538,
"HRV","INFRAINVEST","RAIL","EUR","A","2021",140654261.46551,
"HRV","INFRAINVEST","ROAD","EUR","A","2018",285517854.97634,
"HRV","INFRAINVEST","ROAD","EUR","A","2019",354803051.9533,
"HRV","INFRAINVEST","ROAD","EUR","A","2020",442003608.19272,
"HRV","INFRAINVEST","ROAD","EUR","A","2021",536983171.95946,
"EST","INFRAINVEST","RAIL","EUR","A","2018",26400000,
"EST","INFRAINVEST","RAIL","EUR","A","2019",31500000,
"EST","INFRAINVEST","RAIL","EUR","A","2020",32000000,
"EST","INFRAINVEST","RAIL","EUR","A","2021",60000000,
"EST","INFRAINVEST","ROAD","EUR","A","2018",219000000,
"EST","INFRAINVEST","ROAD","EUR","A","2019",220000000,
"EST","INFRAINVEST","ROAD","EUR","A","2020",244000000,
"EST","INFRAINVEST","ROAD","EUR","A","2021",281000000,
"GEO","INFRAINVEST","RAIL","EUR","A","2018",54016355.862442,
"GEO","INFRAINVEST","RAIL","EUR","A","2019",42056254.182694,
"GEO","INFRAINVEST","ROAD","EUR","A","2018",402560502.74101,
"GEO","INFRAINVEST","ROAD","EUR","A","2019",442577208.44695,
"LVA","INFRAINVEST","RAIL","EUR","A","2018",20900000,
"LVA","INFRAINVEST","RAIL","EUR","A","2019",26505000,
"LVA","INFRAINVEST","RAIL","EUR","A","2020",48520000,
"LVA","INFRAINVEST","RAIL","EUR","A","2021",83590000,
"LVA","INFRAINVEST","ROAD","EUR","A","2018",221400000,
"LVA","INFRAINVEST","ROAD","EUR","A","2019",223000000,
"LVA","INFRAINVEST","ROAD","EUR","A","2020",198000000,
"LVA","INFRAINVEST","ROAD","EUR","A","2021",201000000,
"LIE","INFRAINVEST","RAIL","EUR","A","2018",,"M"
"LIE","INFRAINVEST","RAIL","EUR","A","2019",,"M"
"LIE","INFRAINVEST","RAIL","EUR","A","2020",,"M"
"LIE","INFRAINVEST","RAIL","EUR","A","2021",,"M"
"LTU","INFRAINVEST","RAIL","EUR","A","2018",65000000,
"LTU","INFRAINVEST","RAIL","EUR","A","2019",86000000,
"LTU","INFRAINVEST","RAIL","EUR","A","2020",174000000,
"LTU","INFRAINVEST","RAIL","EUR","A","2021",109000000,
"LTU","INFRAINVEST","ROAD","EUR","A","2018",325000000,
"LTU","INFRAINVEST","ROAD","EUR","A","2019",352000000,
"LTU","INFRAINVEST","ROAD","EUR","A","2020",466000000,
"LTU","INFRAINVEST","ROAD","EUR","A","2021",434000000,
"MKD","INFRAINVEST","RAIL","EUR","A","2018",6270201.3756688,
"MKD","INFRAINVEST","RAIL","EUR","A","2019",12639258.09226,
"MKD","INFRAINVEST","RAIL","EUR","A","2020",4929103.6003535,
"MKD","INFRAINVEST","RAIL","EUR","A","2021",11276055.862731,
"MKD","INFRAINVEST","ROAD","EUR","A","2018",148267408.42016,
"MKD","INFRAINVEST","ROAD","EUR","A","2019",232269604.90226,
"MKD","INFRAINVEST","ROAD","EUR","A","2020",164719470.76993,
"MKD","INFRAINVEST","ROAD","EUR","A","2021",191633001.71326,
"MLT","INFRAINVEST","RAIL","EUR","A","2018",,"M"
"MLT","INFRAINVEST","RAIL","EUR","A","2019",,"M"
"MLT","INFRAINVEST","RAIL","EUR","A","2020",,"M"
"MLT","INFRAINVEST","RAIL","EUR","A","2021",,"M"
"MDA","INFRAINVEST","RAIL","EUR","A","2018",1219364.7210577,"P"
"MDA","INFRAINVEST","RAIL","EUR","A","2019",711602.68172553,
"MDA","INFRAINVEST","RAIL","EUR","A","2020",354358.61091425,
"MDA","INFRAINVEST","RAIL","EUR","A","2021",191160.72794005,
"MDA","INFRAINVEST","ROAD","EUR","A","2018",33658497.258949,
"MDA","INFRAINVEST","ROAD","EUR","A","2019",57360259.023376,
"MDA","INFRAINVEST","ROAD","EUR","A","2020",82565556.343019,
"ROU","INFRAINVEST","RAIL","EUR","A","2018",182853459.38977,
"ROU","INFRAINVEST","ROAD","EUR","A","2018",2181564245.8101,
"RUS","INFRAINVEST","RAIL","EUR","A","2018",4355181800.716,
"RUS","INFRAINVEST","RAIL","EUR","A","2019",6677866236.9858,
"RUS","INFRAINVEST","RAIL","EUR","A","2020",5305295681.7324,
"RUS","INFRAINVEST","ROAD","EUR","A","2018",7298221094.1326,
"RUS","INFRAINVEST","ROAD","EUR","A","2019",6710809666.165,
"RUS","INFRAINVEST","ROAD","EUR","A","2020",6953092859.1973,
"SVN","INFRAINVEST","RAIL","EUR","A","2018",153000000,
"SVN","INFRAINVEST","RAIL","EUR","A","2019",208000000,
"SVN","INFRAINVEST","RAIL","EUR","A","2020",189000000,
"SVN","INFRAINVEST","RAIL","EUR","A","2021",377000000,
"SVN","INFRAINVEST","ROAD","EUR","A","2018",330000000,
"SVN","INFRAINVEST","ROAD","EUR","A","2019",306000000,
"SVN","INFRAINVEST","ROAD","EUR","A","2020",235000000,
"SVN","INFRAINVEST","ROAD","EUR","A","2021",299000000,
"SRB","INFRAINVEST","RAIL","EUR","A","2018",68347243.234832,
"SRB","INFRAINVEST","RAIL","EUR","A","2019",139061696.37447,
"SRB","INFRAINVEST","RAIL","EUR","A","2020",161393761.65267,
"SRB","INFRAINVEST","RAIL","EUR","A","2021",315021505.22087,"P"
"SRB","INFRAINVEST","ROAD","EUR","A","2018",442540366.05775,
"SRB","INFRAINVEST","ROAD","EUR","A","2019",584390123.01253,
"SRB","INFRAINVEST","ROAD","EUR","A","2020",430536465.20869,
"SRB","INFRAINVEST","ROAD","EUR","A","2021",853430246.45315,"P"
"AUS","INFRAINVEST","SEA","EUR","A","2018",603607048.48269,
"AUS","INFRAINVEST","SEA","EUR","A","2019",677815308.39173,
"AUS","INFRAINVEST","SEA","EUR","A","2020",507297420.85528,
"AUS","INFRAINVEST","SEA","EUR","A","2021",856614214.33934,
"AUT","INFRAINVEST","SEA","EUR","A","2018",,"M"
"AUT","INFRAINVEST","SEA","EUR","A","2019",,"M"
"AUT","INFRAINVEST","SEA","EUR","A","2020",,"M"
"AUT","INFRAINVEST","SEA","EUR","A","2021",,"M"
"BEL","INFRAINVEST","AIR","EUR","A","2018",101000000,
"BEL","INFRAINVEST","AIR","EUR","A","2019",132000000,
"BEL","INFRAINVEST","AIR","EUR","A","2020",184000000,
"BEL","INFRAINVEST","AIR","EUR","A","2021",96000000,
"BEL","INFRAINVEST","SEA","EUR","A","2018",169000000,
"BEL","INFRAINVEST","SEA","EUR","A","2019",198000000,
"BEL","INFRAINVEST","SEA","EUR","A","2020",255000000,
"BEL","INFRAINVEST","SEA","EUR","A","2021",226000000,
"CAN","INFRAINVEST","AIR","EUR","A","2018",840413017.90616,
"CAN","INFRAINVEST","AIR","EUR","A","2019",1177895941.3071,
"CAN","INFRAINVEST","SEA","EUR","A","2018",1336005786.2567,
"CAN","INFRAINVEST","SEA","EUR","A","2019",944336003.2308,
"CZE","INFRAINVEST","AIR","EUR","A","2018",125140876.10312,
"CZE","INFRAINVEST","AIR","EUR","A","2019",162564570.0395,
"CZE","INFRAINVEST","AIR","EUR","A","2020",201470393.67995,
"CZE","INFRAINVEST","AIR","EUR","A","2021",4795919.9588253,
"CZE","INFRAINVEST","SEA","EUR","A","2018",,"M"
"CZE","INFRAINVEST","SEA","EUR","A","2019",,"M"
"CZE","INFRAINVEST","SEA","EUR","A","2020",,"M"
"CZE","INFRAINVEST","SEA","EUR","A","2021",,"M"
"FIN","INFRAINVEST","AIR","EUR","A","2018",245400000,
"FIN","INFRAINVEST","AIR","EUR","A","2019",304000000,
"FIN","INFRAINVEST","AIR","EUR","A","2020",246000000,
"FIN","INFRAINVEST","AIR","EUR","A","2021",160000000,
"FIN","INFRAINVEST","SEA","EUR","A","2018",58300000,
"FIN","INFRAINVEST","SEA","EUR","A","2019",86900000,
"FIN","INFRAINVEST","SEA","EUR","A","2020",58000000,
"FIN","INFRAINVEST","SEA","EUR","A","2021",78000000,
"FRA","INFRAINVEST","AIR","EUR","A","2018",936000000,
"FRA","INFRAINVEST","AIR","EUR","A","2019",1029000000,
"FRA","INFRAINVEST","AIR","EUR","A","2020",689000000,
"FRA","INFRAINVEST","AIR","EUR","A","2021",440000000,"P"
"FRA","INFRAINVEST","SEA","EUR","A","2018",176000000,
"FRA","INFRAINVEST","SEA","EUR","A","2019",286000000,
"FRA","INFRAINVEST","SEA","EUR","A","2020",296980000,
"FRA","INFRAINVEST","SEA","EUR","A","2021",419060000,"P"
"DEU","INFRAINVEST","AIR","EUR","A","2018",1370000000,
"DEU","INFRAINVEST","AIR","EUR","A","2019",1940000000,
"DEU","INFRAINVEST","AIR","EUR","A","2020",2000000000,
"DEU","INFRAINVEST","AIR","EUR","A","2021",1375000000,
"DEU","INFRAINVEST","SEA","EUR","A","2018",435000000,
"DEU","INFRAINVEST","SEA","EUR","A","2019",510000000,
"DEU","INFRAINVEST","SEA","EUR","A","2020",455000000,
"DEU","INFRAINVEST","SEA","EUR","A","2021",420000000,
"GRC","INFRAINVEST","AIR","EUR","A","2018",27169187.84182,
"GRC","INFRAINVEST","AIR","EUR","A","2019",20682839.024519,
"GRC","INFRAINVEST","AIR","EUR","A","2020",22627823.741189,
"GRC","INFRAINVEST","AIR","EUR","A","2021",16411816.923959,
"GRC","INFRAINVEST","SEA","EUR","A","2018",12198587.405386,
"GRC","INFRAINVEST","SEA","EUR","A","2019",8495103.9822702,
"GRC","INFRAINVEST","SEA","EUR","A","2020",8733158.9300506,
"GRC","INFRAINVEST","SEA","EUR","A","2021",10139517.195614,
"HUN","INFRAINVEST","AIR","EUR","A","2018",54284064.9259,
"HUN","INFRAINVEST","AIR","EUR","A","2019",102536414.14036,
"HUN","INFRAINVEST","AIR","EUR","A","2020",82048945.772412,
"HUN","INFRAINVEST","AIR","EUR","A","2021",49243644.732713,
"HUN","INFRAINVEST","SEA","EUR","A","2018",,"M"
"HUN","INFRAINVEST","SEA","EUR","A","2019",,"M"
"HUN","INFRAINVEST","SEA","EUR","A","2020",,"M"
"HUN","INFRAINVEST","SEA","EUR","A","2021",,"M"
"ISL","INFRAINVEST","AIR","EUR","A","2018",76745.85063378,
"ISL","INFRAINVEST","AIR","EUR","A","2019",1649524.1953287,
"ISL","INFRAINVEST","AIR","EUR","A","2020",1481800.704923,
"ISL","INFRAINVEST","AIR","EUR","A","2021",1497529.0770229,
"ISL","INFRAINVEST","SEA","EUR","A","2018",29697511.711573,
"ISL","INFRAINVEST","SEA","EUR","A","2019",37842882.820395,
"ISL","INFRAINVEST","SEA","EUR","A","2020",34780256.720354,
"ISL","INFRAINVEST","SEA","EUR","A","2021",29898001.630643,
"IRL","INFRAINVEST","AIR","EUR","A","2018",131000000,
"IRL","INFRAINVEST","AIR","EUR","A","2019",248000000,
"IRL","INFRAINVEST","AIR","EUR","A","2020",285000000,
"IRL","INFRAINVEST","SEA","EUR","A","2018",11000000,
"IRL","INFRAINVEST","SEA","EUR","A","2019",11000000,
"IRL","INFRAINVEST","SEA","EUR","A","2020",11000000,
"ITA","INFRAINVEST","AIR","EUR","A","2018",37000000,
"ITA","INFRAINVEST","AIR","EUR","A","2019",35000000,
"ITA","INFRAINVEST","AIR","EUR","A","2020",56000000,
"ITA","INFRAINVEST","SEA","EUR","A","2018",658000000,
"ITA","INFRAINVEST","SEA","EUR","A","2019",1113000000,
"ITA","INFRAINVEST","SEA","EUR","A","2020",1431000000,
"JPN","INFRAINVEST","AIR","EUR","A","2018",1809394708.8204,
"JPN","INFRAINVEST","AIR","EUR","A","2019",1882421402.3299,
"JPN","INFRAINVEST","AIR","EUR","A","2020",2172185682.5743,
"JPN","INFRAINVEST","AIR","EUR","A","2021",1417546209.7915,
"JPN","INFRAINVEST","SEA","EUR","A","2018",2247547541.1937,
"JPN","INFRAINVEST","SEA","EUR","A","2019",2774051565.9062,
"JPN","INFRAINVEST","SEA","EUR","A","2020",3432924553.9588,
"JPN","INFRAINVEST","SEA","EUR","A","2021",2713368342.8727,
"KOR","INFRAINVEST","AIR","EUR","A","2018",494261885.43804,
"KOR","INFRAINVEST","AIR","EUR","A","2019",458227630.73395,
"KOR","INFRAINVEST","SEA","EUR","A","2018",873884693.1356,
"KOR","INFRAINVEST","SEA","EUR","A","2019",860068923.73701,
"KOR","INFRAINVEST","SEA","EUR","A","2020",960777763.2413,
"KOR","INFRAINVEST","SEA","EUR","A","2021",1076771271.0456,
"LUX","INFRAINVEST","AIR","EUR","A","2018",12383061,
"LUX","INFRAINVEST","AIR","EUR","A","2019",10175995,
"LUX","INFRAINVEST","AIR","EUR","A","2020",4941264,
"LUX","INFRAINVEST","SEA","EUR","A","2018",,"M"
"LUX","INFRAINVEST","SEA","EUR","A","2019",,"M"
"LUX","INFRAINVEST","SEA","EUR","A","2020",,"M"
"LUX","INFRAINVEST","SEA","EUR","A","2021",,"M"
"MEX","INFRAINVEST","AIR","EUR","A","2018",1408094993.0589,
"MEX","INFRAINVEST","AIR","EUR","A","2019",258539873.45691,
"MEX","INFRAINVEST","AIR","EUR","A","2020",371130114.82745,
"MEX","INFRAINVEST","AIR","EUR","A","2021",434003909.18759,
"MEX","INFRAINVEST","SEA","EUR","A","2018",510389029.25344,
"MEX","INFRAINVEST","SEA","EUR","A","2019",484594153.84537,
"MEX","INFRAINVEST","SEA","EUR","A","2020",465314587.16528,
"NOR","INFRAINVEST","AIR","EUR","A","2018",208216153.15709,
"NOR","INFRAINVEST","AIR","EUR","A","2019",333005066.14415,
"NOR","INFRAINVEST","AIR","EUR","A","2020",187882291.51126,
"NOR","INFRAINVEST","SEA","EUR","A","2018",114680332.47922,
"NOR","INFRAINVEST","SEA","EUR","A","2019",97261845.538443,
"NOR","INFRAINVEST","SEA","EUR","A","2020",19860510.219305,
"POL","INFRAINVEST","AIR","EUR","A","2018",55353706.050791,
"POL","INFRAINVEST","AIR","EUR","A","2019",150087260.0349,
"POL","INFRAINVEST","AIR","EUR","A","2020",125135037.81059,
"POL","INFRAINVEST","AIR","EUR","A","2021",185955302.36635,
"POL","INFRAINVEST","SEA","EUR","A","2019",244328097.73124,
"POL","INFRAINVEST","SEA","EUR","A","2020",399486856.31977,
"POL","INFRAINVEST","SEA","EUR","A","2021",365468886.94128,
"PRT","INFRAINVEST","AIR","EUR","A","2018",69000000,
"PRT","INFRAINVEST","AIR","EUR","A","2019",76300000,
"PRT","INFRAINVEST","AIR","EUR","A","2020",101600000,
"PRT","INFRAINVEST","AIR","EUR","A","2021",43000000,
"SVK","INFRAINVEST","AIR","EUR","A","2018",2900000,
"SVK","INFRAINVEST","AIR","EUR","A","2020",12200000,
"SVK","INFRAINVEST","AIR","EUR","A","2021",4000000,
"SVK","INFRAINVEST","SEA","EUR","A","2018",,"M"
"SVK","INFRAINVEST","SEA","EUR","A","2019",,"M"
"SVK","INFRAINVEST","SEA","EUR","A","2020",,"M"
"SVK","INFRAINVEST","SEA","EUR","A","2021",,"M"
"ESP","INFRAINVEST","AIR","EUR","A","2018",617000000,
"ESP","INFRAINVEST","AIR","EUR","A","2019",635000000,"P"
"ESP","INFRAINVEST","AIR","EUR","A","2020",618295000,"E"
"ESP","INFRAINVEST","AIR","EUR","A","2021",807000000,"E"
"ESP","INFRAINVEST","SEA","EUR","A","2018",927000000,
"ESP","INFRAINVEST","SEA","EUR","A","2019",929000000,"P"
"ESP","INFRAINVEST","SEA","EUR","A","2020",798804000,"E"
"ESP","INFRAINVEST","SEA","EUR","A","2021",1287000000,"E"
"SWE","INFRAINVEST","AIR","EUR","A","2018",343092807.62818,
"SWE","INFRAINVEST","AIR","EUR","A","2019",373865321.58274,
"SWE","INFRAINVEST","AIR","EUR","A","2020",343818232.09161,
"SWE","INFRAINVEST","AIR","EUR","A","2021",218535604.4476,
"SWE","INFRAINVEST","SEA","EUR","A","2018",197041933.56538,
"SWE","INFRAINVEST","SEA","EUR","A","2019",215175644.91296,
"SWE","INFRAINVEST","SEA","EUR","A","2020",108789961.95688,
"CHE","INFRAINVEST","AIR","EUR","A","2018",442722313.62023,
"CHE","INFRAINVEST","AIR","EUR","A","2019",547766693.62811,
"CHE","INFRAINVEST","AIR","EUR","A","2020",483976455.19948,
"CHE","INFRAINVEST","AIR","EUR","A","2021",290364342.51896,
"CHE","INFRAINVEST","SEA","EUR","A","2018",,"M"
"CHE","INFRAINVEST","SEA","EUR","A","2019",,"M"
"CHE","INFRAINVEST","SEA","EUR","A","2020",,"M"
"CHE","INFRAINVEST","SEA","EUR","A","2021",,"M"
"TUR","INFRAINVEST","AIR","EUR","A","2018",2295732664.3525,
"TUR","INFRAINVEST","AIR","EUR","A","2019",376058591.15222,
"TUR","INFRAINVEST","AIR","EUR","A","2020",333219219.67359,
"TUR","INFRAINVEST","AIR","EUR","A","2021",346444994.60372,
"TUR","INFRAINVEST","SEA","EUR","A","2018",59802724.38,
"TUR","INFRAINVEST","SEA","EUR","A","2019",11797275.615818,
"TUR","INFRAINVEST","SEA","EUR","A","2020",138868168.48177,
"TUR","INFRAINVEST","SEA","EUR","A","2021",28374892.519347,
"ALB","INFRAINVEST","AIR","EUR","A","2018",0,
"ALB","INFRAINVEST","AIR","EUR","A","2019",0,
"ALB","INFRAINVEST","AIR","EUR","A","2020",279718.69841485,
"ALB","INFRAINVEST","AIR","EUR","A","2021",762027.86108487,
"ALB","INFRAINVEST","SEA","EUR","A","2018",150516.34160624,
"ALB","INFRAINVEST","SEA","EUR","A","2019",1008275.9944122,
"ALB","INFRAINVEST","SEA","EUR","A","2020",296532.83197819,
"ALB","INFRAINVEST","SEA","EUR","A","2021",383761.49957664,
"AZE","INFRAINVEST","AIR","EUR","A","2018",19416509.011252,
"AZE","INFRAINVEST","AIR","EUR","A","2019",17863710.39773,
"AZE","INFRAINVEST","AIR","EUR","A","2020",56695186.063292,
"AZE","INFRAINVEST","AIR","EUR","A","2021",73061630.218688,
"AZE","INFRAINVEST","SEA","EUR","A","2021",0,
"BLR","INFRAINVEST","SEA","EUR","A","2018",,"M"
"BLR","INFRAINVEST","SEA","EUR","A","2019",,"M"
"BLR","INFRAINVEST","SEA","EUR","A","2020",,"M"
"BLR","INFRAINVEST","SEA","EUR","A","2021",,"M"
"BGR","INFRAINVEST","AIR","EUR","A","2018",6135596.6867778,
"BGR","INFRAINVEST","AIR","EUR","A","2019",5112997.2389815,
"BGR","INFRAINVEST","AIR","EUR","A","2020",2045198.8955926,
"BGR","INFRAINVEST","AIR","EUR","A","2021",2045198.8955926,
"BGR","INFRAINVEST","SEA","EUR","A","2018",5624296.9628796,
"BGR","INFRAINVEST","SEA","EUR","A","2019",110952040.0859,
"BGR","INFRAINVEST","SEA","EUR","A","2020",53175171.285408,
"BGR","INFRAINVEST","SEA","EUR","A","2021",90500051.129972,
"HRV","INFRAINVEST","AIR","EUR","A","2018",98407948.126879,
"HRV","INFRAINVEST","AIR","EUR","A","2019",114717856.08369,
"HRV","INFRAINVEST","AIR","EUR","A","2020",22153242.067282,
"HRV","INFRAINVEST","AIR","EUR","A","2021",5711173.9782975,
"EST","INFRAINVEST","AIR","EUR","A","2018",11000000,
"EST","INFRAINVEST","AIR","EUR","A","2019",14000000,
"EST","INFRAINVEST","AIR","EUR","A","2020",4000000,
"EST","INFRAINVEST","AIR","EUR","A","2021",23000000,
"EST","INFRAINVEST","SEA","EUR","A","2018",6000000,
"EST","INFRAINVEST","SEA","EUR","A","2019",5000000,
"EST","INFRAINVEST","SEA","EUR","A","2020",3000000,
"EST","INFRAINVEST","SEA","EUR","A","2021",1000000,
"GEO","INFRAINVEST","AIR","EUR","A","2018",18155366.399251,
"GEO","INFRAINVEST","AIR","EUR","A","2019",18289849.800241,
"GEO","INFRAINVEST","SEA","EUR","A","2018",4177876.0930606,
"GEO","INFRAINVEST","SEA","EUR","A","2019",6117088.3505612,
"LVA","INFRAINVEST","AIR","EUR","A","2018",10000000,
"LVA","INFRAINVEST","AIR","EUR","A","2019",20000000,
"LVA","INFRAINVEST","AIR","EUR","A","2020",13000000,
"LVA","INFRAINVEST","AIR","EUR","A","2021",6000000,
"LIE","INFRAINVEST","AIR","EUR","A","2018",,"M"
"LIE","INFRAINVEST","AIR","EUR","A","2019",,"M"
"LIE","INFRAINVEST","AIR","EUR","A","2020",,"M"
"LIE","INFRAINVEST","AIR","EUR","A","2021",,"M"
"LIE","INFRAINVEST","SEA","EUR","A","2018",,"M"
"LIE","INFRAINVEST","SEA","EUR","A","2019",,"M"
"LIE","INFRAINVEST","SEA","EUR","A","2020",,"M"
"LIE","INFRAINVEST","SEA","EUR","A","2021",,"M"
"LTU","INFRAINVEST","AIR","EUR","A","2018",6000000,
"LTU","INFRAINVEST","AIR","EUR","A","2019",21000000,
"LTU","INFRAINVEST","AIR","EUR","A","2020",26000000,
"LTU","INFRAINVEST","AIR","EUR","A","2021",35000000,
"LTU","INFRAINVEST","SEA","EUR","A","2018",36000000,
"LTU","INFRAINVEST","SEA","EUR","A","2019",78000000,
"LTU","INFRAINVEST","SEA","EUR","A","2020",49000000,
"LTU","INFRAINVEST","SEA","EUR","A","2021",39177152.73,
"MKD","INFRAINVEST","AIR","EUR","A","2018",1336830.7595766,
"MKD","INFRAINVEST","AIR","EUR","A","2019",4610552.0897859,
"MKD","INFRAINVEST","AIR","EUR","A","2020",2122643.880372,
"MKD","INFRAINVEST","AIR","EUR","A","2021",1239486.8000935,
"MKD","INFRAINVEST","SEA","EUR","A","2018",,"M"
"MKD","INFRAINVEST","SEA","EUR","A","2019",,"M"
"MKD","INFRAINVEST","SEA","EUR","A","2020",,"M"
"MKD","INFRAINVEST","SEA","EUR","A","2021",,"M"
"MDA","INFRAINVEST","AIR","EUR","A","2018",14108352.14447,
"MDA","INFRAINVEST","AIR","EUR","A","2019",5641992.6908239,
"MDA","INFRAINVEST","AIR","EUR","A","2020",2176774.3241875,
"MDA","INFRAINVEST","SEA","EUR","A","2018",0,
"ROU","INFRAINVEST","AIR","EUR","A","2018",1933820.3695746,
"RUS","INFRAINVEST","AIR","EUR","A","2018",271224966.3783,
"RUS","INFRAINVEST","AIR","EUR","A","2019",472849951.50915,
"RUS","INFRAINVEST","AIR","EUR","A","2020",376044737.26686,
"RUS","INFRAINVEST","SEA","EUR","A","2018",299758086.12026,
"RUS","INFRAINVEST","SEA","EUR","A","2019",469398340.96449,
"RUS","INFRAINVEST","SEA","EUR","A","2020",67421430.053725,
"SVN","INFRAINVEST","AIR","EUR","A","2018",1000000,"E"
"SVN","INFRAINVEST","AIR","EUR","A","2019",2000000,
"SVN","INFRAINVEST","AIR","EUR","A","2020",1000000,"E"
"SVN","INFRAINVEST","AIR","EUR","A","2021",10000000,
"SVN","INFRAINVEST","SEA","EUR","A","2018",3000000,
"SVN","INFRAINVEST","SEA","EUR","A","2019",14000000,
"SVN","INFRAINVEST","SEA","EUR","A","2020",38000000,
"SVN","INFRAINVEST","SEA","EUR","A","2021",39000000,
"SRB","INFRAINVEST","AIR","EUR","A","2018",186047.9276375,
"SRB","INFRAINVEST","AIR","EUR","A","2019",4701872.431581,
"SRB","INFRAINVEST","AIR","EUR","A","2020",5885875.2602714,
"SRB","INFRAINVEST","AIR","EUR","A","2021",16712580.192743,"P"
"SRB","INFRAINVEST","SEA","EUR","A","2018",,"M"
"SRB","INFRAINVEST","SEA","EUR","A","2019",,"M"
"SRB","INFRAINVEST","SEA","EUR","A","2020",,"M"
"SRB","INFRAINVEST","SEA","EUR","A","2021",,"M"
"MNE","INFRAINVEST","AIR","EUR","A","2019",200000,
"MNE","INFRAINVEST","SEA","EUR","A","2018",1000000,
"MNE","INFRAINVEST","SEA","EUR","A","2019",400000,
"ISR","INFRAINVEST","ROAD","EUR","A","2018",1932957467.3869,
"ISR","INFRAINVEST","ROAD","EUR","A","2019",2163096580.233,
"ISR","INFRAINVEST","ROAD","EUR","A","2020",2744178937.1784,
"ISR","INFRAINVEST","ROAD","EUR","A","2021",2692327807.1231,
"ARM","INFRAINVEST","SEA","EUR","A","2018",,"M"
"ARM","INFRAINVEST","SEA","EUR","A","2019",,"M"
"ARM","INFRAINVEST","SEA","EUR","A","2020",,"M"
"ARM","INFRAINVEST","SEA","EUR","A","2021",,"M"
"CHN","INFRAINVEST","RAIL","EUR","A","2018",97308264694.823,
"CHN","INFRAINVEST","RAIL","EUR","A","2019",95008721359.614,
"CHN","INFRAINVEST","RAIL","EUR","A","2020",91375186833.747,
"CHN","INFRAINVEST","RAIL","EUR","A","2021",92516632673.801,
"CHN","INFRAINVEST","ROAD","EUR","A","2018",558506434892.37,
"CHN","INFRAINVEST","ROAD","EUR","A","2019",614669905818.29,
"CHN","INFRAINVEST","ROAD","EUR","A","2020",615340752742.95,
"CHN","INFRAINVEST","ROAD","EUR","A","2021",626834187270.39,
"CHN","INFRAINVEST","AIR","EUR","A","2018",32144431341.169,
"CHN","INFRAINVEST","AIR","EUR","A","2019",26678710608.478,
"CHN","INFRAINVEST","AIR","EUR","A","2020",22274013381.219,
"CHN","INFRAINVEST","AIR","EUR","A","2021",27283178758.099,
"NZL","INFRAINVEST","RAIL","EUR","A","2018",226714030.18046,
"NZL","INFRAINVEST","RAIL","EUR","A","2019",158967915.08371,
"NZL","INFRAINVEST","RAIL","EUR","A","2020",137146265.06902,
"NZL","INFRAINVEST","RAIL","EUR","A","2021",163871579.70409,
"NZL","INFRAINVEST","AIR","EUR","A","2018",356457539.04764,
"NZL","INFRAINVEST","AIR","EUR","A","2019",256608704.09662,
"NZL","INFRAINVEST","SEA","EUR","A","2018",211880589.06953,
"NZL","INFRAINVEST","SEA","EUR","A","2019",207758881.98648,
"CHL","INFRAINVEST","ROAD","EUR","A","2018",1011339933.4577,"P"
"CHL","INFRAINVEST","ROAD","EUR","A","2019",1171186403.965,"P"
"CHL","INFRAINVEST","ROAD","EUR","A","2020",892007993.91918,"P"
"CHL","INFRAINVEST","ROAD","EUR","A","2021",475240090.23118,"P"
"CHL","INFRAINVEST","AIR","EUR","A","2018",246829851.58657,"P"
"CHL","INFRAINVEST","AIR","EUR","A","2019",212410888.34511,"P"
"CHL","INFRAINVEST","AIR","EUR","A","2020",137221601.36352,"P"
"CHL","INFRAINVEST","AIR","EUR","A","2021",22217414.056821,
"BLR","INFRAINVEST","RAIL","EUR","A","2018",89832058.530096,
"BLR","INFRAINVEST","RAIL","EUR","A","2019",236178115.52747,
"BLR","INFRAINVEST","ROAD","EUR","A","2018",1004655803.126,
"BLR","INFRAINVEST","ROAD","EUR","A","2019",1157793621.6539,
"BLR","INFRAINVEST","AIR","EUR","A","2018",82889923.511806,
"BLR","INFRAINVEST","AIR","EUR","A","2019",5123169.5342185,
"UZB","INFRAINVEST","RAIL","EUR","A","2019",375133976.42015,
"UZB","INFRAINVEST","RAIL","EUR","A","2020",371506177.16639,
"UZB","INFRAINVEST","RAIL","EUR","A","2021",446134347.27503,
"UZB","INFRAINVEST","ROAD","EUR","A","2019",624330117.89925,
"UZB","INFRAINVEST","ROAD","EUR","A","2020",657145360.55375,
"UZB","INFRAINVEST","ROAD","EUR","A","2021",875369666.24419,
"UZB","INFRAINVEST","AIR","EUR","A","2020",25847717.515114,
"UZB","INFRAINVEST","AIR","EUR","A","2021",15124630.333756,
